title,channel,view
tripleS 트리플에스 : YoonSeoYeon.SSS,tripleS official,809K views
tripleS 트리플에스 : dijkstra,tripleS official,75K views
Introducing Our Haus | tripleS 트리플에스 : SIGNAL 220509,tripleS official,181K views
Gonna Feast | tripleS 트리플에스 : SIGNAL 220510,tripleS official,96K views
Gonna Dance | tripleS 트리플에스 : SIGNAL 220511,tripleS official,110K views
SeoYeon's Daily Schedule | tripleS 트리플에스 : SIGNAL 220512,tripleS official,62K views
Gonna Sing | tripleS 트리플에스 : SIGNAL 220513,tripleS official,74K views
The Start of a Beginning | tripleS 트리플에스 : SIGNAL WEEKLY 22051,tripleS official,94K views
Oblivious of Each Other | tripleS 트리플에스 : SSSIGNAL 220515,tripleS official,103K views
A Place That's Waiting for You | tripleS 트리플에스 : SIGNAL 220516,tripleS official,64K views
tripleS 트리플에스 : JeongHyeRin.SSS,tripleS official,215K views
Gonna Speak English | tripleS 트리플에스 : SIGNAL 220517,tripleS official,79K views
Dance Machine by Tomorrow | tripleS 트리플에스 : SIGNAL 220518,tripleS official,76K views
SeoYeon Shopping | tripleS 트리플에스 : SIGNAL 220519,tripleS official,72K views
[SONG] Frankenstein by YoonSeoYeon.SSS,tripleS official,205K views
Did You Check Out the Song? | tripleS 트리플에스 : SIGNAL 220520,tripleS official,49K views
Good On My Own Too | tripleS 트리플에스 : SIGNAL WEEKLY 220521,tripleS official,41K views
Each of Our Small Signals | tripleS 트리플에스 : SSSIGNAL 220522,tripleS official,51K views
Hello HyeRin | tripleS 트리플에스 : SIGNAL 220523,tripleS official,114K views
Shy | tripleS 트리플에스 : SIGNAL 220524,tripleS official,85K views
Gonna Practice | tripleS 트리플에스 : SIGNAL 220525,tripleS official,62K views
Getting to Know Each Other | tripleS 트리플에스 : SIGNAL 220526,tripleS official,51K views
A Real Lesson | tripleS 트리플에스 : SIGNAL 220527,tripleS official,48K views
HyeRin's Week | tripleS 트리플에스 : SIGNAL WEEKLY 220528,tripleS official,54K views
How to Get Closer | tripleS 트리플에스 : SSSIGNAL 220529,tripleS official,158K views
Contrast and Differences | tripleS 트리플에스 : SIGNAL 220530,tripleS official,92K views
E's Free Time | tripleS 트리플에스 : SIGNAL 220531,tripleS official,65K views
I's Free Time | tripleS 트리플에스 : SIGNAL 220531,tripleS official,157K views
tripleS 트리플에스 : LeeJiWoo.SSS,tripleS official,879K views
Connection | tripleS 트리플에스 : SIGNAL 220601,tripleS official,74K views
HyeRin Choreo SeoYeon Camera | tripleS 트리플에스 : SIGNAL 220602,tripleS official,59K views
Gonna Harmonize | tripleS 트리플에스 : SIGNAL 220603,tripleS official,40K views
Space and Time | tripleS 트리플에스 : SIGNAL WEEKLY 220604,tripleS official,48K views
Increasing Sync Rate | tripleS 트리플에스 : SSSIGNAL 220605,tripleS official,113K views
Gonna Prepare for the Picnic | tripleS 트리플에스 : SIGNAL 220606,tripleS official,49K views
Three Girls | tripleS 트리플에스 : SIGNAL 220607,tripleS official,139K views
Each Other's Taste | tripleS 트리플에스 : SIGNAL 220608,tripleS official,439K views
Picnic Rehearsal | tripleS 트리플에스 : SIGNAL 220609,tripleS official,110K views
JiWoo's Lesson | tripleS 트리플에스 : SIGNAL 220610,tripleS official,58K views
2+1 | tripleS 트리플에스 : SIGNAL WEEKLY 220611,tripleS official,224K views
Wise HAUS Life  | tripleS 트리플에스 : SSSIGNAL 220612,tripleS official,277K views
Got Our Passports | tripleS 트리플에스 : SIGNAL 220613,tripleS official,123K views
Mastered English | tripleS 트리플에스 : SIGNAL 220614,tripleS official,81K views
JiWoo's First VLOG | tripleS 트리플에스 : SIGNAL 220615,tripleS official,582K views
Shopping Spree | tripleS 트리플에스 : SIGNAL 220616,tripleS official,93K views
Interview Before the Flight | tripleS 트리플에스 : SIGNAL 220617,tripleS official,105K views
Our Growth Journal | tripleS 트리플에스 : SIGNAL WEEKLY 220618,tripleS official,288K views
Gonna Depart | tripleS 트리플에스 : SSSIGNAL 220619,tripleS official,57K views
Gonna Overcome Jet Lag | tripleS 트리플에스 : SIGNAL 220619,tripleS official,373K views
Central Park Girls | tripleS 트리플에스 : SIGNAL 220620,tripleS official,115K views
Gonna Make It  | tripleS 트리플에스 : SIGNAL 220621,tripleS official,358K views
tripleS 트리플에스 : KimChaeYeon.SSS,tripleS official,995K views
"S4 Reaction, New York LIVE, and the Bagel Spot | tripleS 트리플에스 : SIGNAL 220622",tripleS official,88K views
My name is S | tripleS 트리플에스 : SIGNAL 220623,tripleS official,285K views
Gonna Wear Hanbok | tripleS 트리플에스 : SIGNAL 220624,tripleS official,437K views
Girls in the city | tripleS 트리플에스 : SIGNAL 220625,tripleS official,2.1M views
Gonna Return | tripleS 트리플에스 : SIGNAL 220627,tripleS official,230K views
Goodnight Sunshine | tripleS 트리플에스 : SIGNAL 220628,tripleS official,439K views
COSMO EXCLUSIVE SIGNAL NYC ep1,tripleS official,198K views
COSMO EXCLUSIVE SIGNAL NYC ep2,tripleS official,41K views
ChaeYeon in the HAUS  | tripleS 트리플에스 : SIGNAL 220629,tripleS official,299K views
Four Girls on a Rainy Day... | tripleS 트리플에스 : SIGNAL 220630,tripleS official,573K views
The Story of Four Girls | tripleS 트리플에스 : SIGNAL 220701,tripleS official,308K views
The Fastest Way to Get Closer | tripleS 트리플에스 : SIGNAL WEEKLY 220702,tripleS official,75K views
Gonna Get a Hundred | tripleS 트리플에스 : SSSIGNAL 220703,tripleS official,260K views
Gonna Film TikTok | tripleS 트리플에스 : SIGNAL 220704,tripleS official,70K views
MINT Room Energy | tripleS 트리플에스 : SIGNAL 220705,tripleS official,298K views
We Are One and Also 25  | tripleS 트리플에스 : SIGNAL 220706,tripleS official,1.3M views
PURPLE Punch | tripleS 트리플에스 : SIGNAL 220707,tripleS official,319K views
ChaeYeon's Vocal Lesson | tripleS 트리플에스 : SIGNAL 220708,tripleS official,84K views
According to My Mother | tripleS 트리플에스 : SIGNAL WEEKLY 220709,tripleS official,145K views
HyeRin Passed Out | tripleS 트리플에스 : SSSIGNAL 220710,tripleS official,1.1M views
tripleS 트리플에스 : Who is S5,tripleS official,146K views
Emergency?! Gonna Check Our Dance Level | tripleS 트리플에스 : SIGNAL 220711,tripleS official,142K views
Gonna Put in the Hours | tripleS 트리플에스 : SIGNAL 220712,tripleS official,277K views
ChaeYeon Paper | tripleS 트리플에스 : SIGNAL 220713,tripleS official,636K views
A Stroll for Two | tripleS 트리플에스 : SIGNAL 220714,tripleS official,324K views
tripleS 트리플에스 : KimYooYeon.SSS,tripleS official,525K views
Courage in the Shape of Practice | tripleS 트리플에스 : SIGNAL 220715,tripleS official,368K views
S+S+S+S | tripleS 트리플에스 : SIGNAL WEEKLY 220716,tripleS official,410K views
HOUSE or HAUS | tripleS 트리플에스 : SSSIGNAL 220717,tripleS official,208K views
YooYeon's Arrival | tripleS 트리플에스 : SIGNAL 220718,tripleS official,691K views
ChaeYeon YooYeon Connection | tripleS 트리플에스 : SIGNAL 220719,tripleS official,1.3M views
The Beginning of Hard Training | tripleS 트리플에스 : SIGNAL 220720,tripleS official,1.5M views
Homecooked SPAM's the Best | tripleS 트리플에스 : SIGNAL 220721,tripleS official,140K views
Gonna Film SKT’s V Coloring | tripleS 트리플에스 : SIGNAL 220722,tripleS official,353K views
Somehow in the HAUS | tripleS 트리플에스 : SIGNAL WEEKLY 220723,tripleS official,415K views
Beauty Sunday | tripleS 트리플에스 : SSSIGNAL 220724,tripleS official,450K views
Electron Cloud YooYeon | tripleS 트리플에스 : SIGNAL 220725,tripleS official,391K views
tripleS sugoi | tripleS 트리플에스 : SIGNAL 220726,tripleS official,114K views
MINT Condition | tripleS 트리플에스 : SIGNAL 220727,tripleS official,526K views
YooYeon's pick is ChaeYeon | tripleS 트리플에스 : SIGNAL 220728,tripleS official,230K views
Gonna Film a GS25 Commercial | tripleS 트리플에스 : SIGNAL 220729,tripleS official,347K views
Little Society  | tripleS 트리플에스 : SIGNAL WEEKLY 220730,tripleS official,337K views
Reek Yogurt | tripleS 트리플에스 : SSSIGNAL 220731,tripleS official,327K views
SeoYeon’s Steamed Eggs | tripleS 트리플에스 : SIGNAL 220801,tripleS official,121K views
From ChaeYeon to HyeRin | tripleS 트리플에스 : SIGNAL 220802,tripleS official,390K views
TikTok We Are | tripleS 트리플에스 : SIGNAL 220803,tripleS official,315K views
JiWoo's Well-being | tripleS 트리플에스 : SIGNAL 220804,tripleS official,316K views
SeoYeon’s Birthday | tripleS 트리플에스 : SIGNAL 220805,tripleS official,147K views
The Joy of Being Together | tripleS 트리플에스 : SIGNAL WEEKLY 220806,tripleS official,290K views
A Magical SSS Surprise | tripleS 트리플에스 : SSSIGNAL 220807,tripleS official,232K views
tripleS 트리플에스 : KimSooMin.SSS,tripleS official,827K views
A Delightful Time Together | tripleS 트리플에스 : SIGNAL 220808,tripleS official,150K views
Gonna Use COSMO | tripleS 트리플에스 : SIGNAL 220809,tripleS official,60K views
We are tripleS | tripleS 트리플에스 : SIGNAL 220810,tripleS official,248K views
"KimSooMin, born in 2007 | tripleS 트리플에스 : SIGNAL 220811",tripleS official,234K views
New Dijkstra Theory | tripleS 트리플에스 : SIGNAL 220812,tripleS official,297K views
tripleS Family | tripleS 트리플에스 : SIGNAL 220813,tripleS official,185K views
2nd HAUS 투어 풀버전 | tripleS 트리플에스 : SIGNAL 220814,tripleS official,269K views
Come to Our HAUS | tripleS 트리플에스 : SIGNAL 220815,tripleS official,579K views
07z Do It | tripleS 트리플에스 : SIGNAL 220816,tripleS official,196K views
Gonna Swim | tripleS 트리플에스 : SIGNAL 220817,tripleS official,386K views
"Emptying, Filling | tripleS 트리플에스 : SIGNAL 220818",tripleS official,130K views
Youngest Oldest | tripleS 트리플에스 : SIGNAL 220819,tripleS official,199K views
Energy | tripleS 트리플에스 : SIGNAL WEEKLY 220820,tripleS official,120K views
A Late Night Snack and the Graduation | tripleS 트리플에스 : SSSIGNAL 220821,tripleS official,140K views
tripleS 트리플에스 : KimNaKyoung.SSS,tripleS official,785K views
SeoYeon-YooYeon | tripleS 트리플에스 : SIGNAL 220822,tripleS official,117K views
HyeRin-SooMin | tripleS 트리플에스 : SIGNAL 220823,tripleS official,110K views
JiWoo-ChaeYeon | tripleS 트리플에스 : SIGNAL 220824,tripleS official,164K views
Kim NaKyoung | tripleS 트리플에스 : SIGNAL 220825,tripleS official,501K views
Another Possibility | tripleS 트리플에스 : SIGNAL 220826,tripleS official,82K views
Chemistry Expansion | tripleS 트리플에스 : SIGNAL WEEKLY 220827,tripleS official,76K views
Joined a Girl Group Over Summer Break | tripleS 트리플에스 : SSSIGNAL 220828,tripleS official,198K views
Gonna Take a Selfie  | tripleS 트리플에스 : SIGNAL 220829,tripleS official,125K views
I Like Rainy Days | tripleS 트리플에스 : SIGNAL 220830,tripleS official,104K views
triple VENOM | tripleS 트리플에스 : SIGNAL 220831,tripleS official,161K views
Wanna Be Your Core | tripleS 트리플에스 : SIGNAL 220901,tripleS official,106K views
Gonna Shoot Our Objekts | tripleS 트리플에스 : SIGNAL 220902,tripleS official,138K views
How to Become tripleS | tripleS 트리플에스 : SIGNAL WEEKLY 220903,tripleS official,86K views
We’re Actually Practicing | tripleS 트리플에스 : SSSIGNAL 220904,tripleS official,421K views
Serious About MukBang tripleS | tripleS 트리플에스 : SIGNAL 220905,tripleS official,119K views
Appealing to S8 | tripleS 트리플에스 : SIGNAL 220906,tripleS official,253K views
"A Piece of Art, Not Just a Face | tripleS 트리플에스 : SIGNAL 220907",tripleS official,75K views
Vocal DNA | tripleS 트리플에스 : SIGNAL 220908,tripleS official,180K views
tripleS 트리플에스 : GongYuBin.SSS,tripleS official,469K views
Chuseok Special! Impressions | tripleS 트리플에스 : SIGNAL 220909,tripleS official,238K views
Gonna Give Our Chuseok Greetings | tripleS 트리플에스 : SIGNAL 220910,tripleS official,136K views
tripleS One Family | tripleS 트리플에스 : SIGNAL 220911,tripleS official,489K views
My Name is Gong YuBin | tripleS 트리플에스 : SIGNAL 220912,tripleS official,254K views
JiWooYuBin | tripleS 트리플에스 : SIGNAL 220913,tripleS official,229K views
"[DANCE] Pwr Puff (Demo) by NaKyoung, HyeRin.SSS",tripleS official,310K views
GRAVITY | tripleS 트리플에스 : SIGNAL 220914,tripleS official,164K views
We Have a Chef in the HAUS | tripleS 트리플에스 : SIGNAL 220915,tripleS official,258K views
Gonna Debut With You | tripleS 트리플에스 : SIGNAL 220916,tripleS official,217K views
Acid Angel from Asia / +(KR)ystal Eyes 미리 듣겠습니다 | tripleS 트리플에스,tripleS official,236K views
tripleS Chemistry Overload | tripleS 트리플에스 : SIGNAL WEEKLY 220917,tripleS official,295K views
Bestie Moments | tripleS 트리플에스 : SSSIGNAL 220918,tripleS official,219K views
"[SONG] They Don’t Know by SeoYeon, JiWoo, YooYeon, NaKyoung.SSS",tripleS official,1M views
Girls of the 1st HAUS | tripleS 트리플에스 : SIGNAL 220919,tripleS official,271K views
Girls of the 2nd HAUS | tripleS 트리플에스 : SIGNAL 220920,tripleS official,140K views
SeoYeon and NaKyoung | tripleS 트리플에스 : SIGNAL 220921,tripleS official,190K views
HyeRin and SooMin | tripleS 트리플에스 : SIGNAL 220922,tripleS official,233K views
ChaeYeon and YuBin | tripleS 트리플에스 : SIGNAL 220923,tripleS official,281K views
JiWoo and YooYeon | tripleS 트리플에스 : SIGNAL 220924,tripleS official,138K views
Gonna Reveal our Dimensions | tripleS 트리플에스 : SIGNAL 220925,tripleS official,263K views
tripleS 드디어 놀이공원! | tripleS 트리플에스 : SIGNAL 220926,tripleS official,468K views
첫 번째 팬사인회 | tripleS 트리플에스 : BEHIND 220917,tripleS official,419K views
This Grouping’s a Yes | tripleS 트리플에스 : SIGNAL 220927,tripleS official,422K views
The Unnies’ News Time | tripleS 트리플에스 : SIGNAL 220928,tripleS official,432K views
Gonna Stay Healthy | tripleS 트리플에스 : SIGNAL 220929,tripleS official,272K views
Did You Check Out the Pictorial? | tripleS 트리플에스 : SIGNAL 220930,tripleS official,754K views
Feeling Comfortable | tripleS 트리플에스 : SIGNAL WEEKLY 221001,tripleS official,145K views
tripleS Everland Extended Version | tripleS 트리플에스 : SIGNAL 2201002,tripleS official,121K views
SooMin’s Birthday Party | tripleS 트리플에스 : SIGNAL 221003,tripleS official,607K views
SeoYeon’s Memories | tripleS 트리플에스 : SIGNAL 221004,tripleS official,91K views
I Feel That When I’m Home Alone | tripleS 트리플에스 : SIGNAL 221005,tripleS official,649K views
It Was Autumn | tripleS 트리플에스 : SIGNAL 221006,tripleS official,586K views
Gonna Watch AAA’s Music Video | tripleS 트리플에스 : SIGNAL 221007,tripleS official,350K views
Growing on Me | tripleS 트리플에스 : SIGNAL WEEKLY 221008,tripleS official,84K views
Got a New Younger Sister | tripleS 트리플에스 : SSSIGNAL 221009,tripleS official,207K views
"The First in the Country, “The Personal Angle Test” | tripleS 트리플에스 : SIGNAL 221010",tripleS official,181K views
Core SooMin | tripleS 트리플에스 : SIGNAL 221011,tripleS official,204K views
Hangang Stroll | tripleS 트리플에스 : SIGNAL 221012,tripleS official,363K views
The Importance of the Subject | tripleS 트리플에스 : SIGNAL 221013,tripleS official,198K views
TikTok Goddess | tripleS 트리플에스 : SIGNAL 221014,tripleS official,217K views
False Memory | tripleS 트리플에스 : SIGNAL WEEKLY 221015,tripleS official,63K views
Our SIGNAL | tripleS 트리플에스 : SSSIGNAL 221016,tripleS official,153K views
A New Spot | tripleS 트리플에스 : SIGNAL 221017,tripleS official,119K views
Autumn Girl Scouts | tripleS 트리플에스 : SIGNAL 221018,tripleS official,127K views
Glistening Eyes | tripleS 트리플에스 : SIGNAL 221019,tripleS official,209K views
Strange SeoYeon | tripleS 트리플에스 : SIGNAL 221020,tripleS official,143K views
Who’s in the Third HAUS? | tripleS 트리플에스 : SIGNAL 221021,tripleS official,104K views
The Squirrel That Hasn’t Seen a Squirrel | tripleS 트리플에스 : SIGNAL WEEKLY 221022,tripleS official,93K views
JiWoo’s Performance Assessment | tripleS 트리플에스 : SSSIGNAL 221023,tripleS official,266K views
AAA’s Teaser Reaction + JiWoo’s Birthday | tripleS 트리플에스 : SIGNAL 221024,tripleS official,104K views
Although I Can’t Drink Coffee | tripleS 트리플에스 : SIGNAL 221025,tripleS official,108K views
THE FACE YoonSeoYeon.SSS | tripleS 트리플에스 : BEHIND,tripleS official,60K views
Purple Room Observations | tripleS 트리플에스 : SIGNAL 221026,tripleS official,129K views
A Rela-xing Choreo Rehearsal | tripleS 트리플에스 : SIGNAL 221027,tripleS official,240K views
Gonna Debut | tripleS 트리플에스 : SIGNAL 221028,tripleS official,273K views
Us This Week | tripleS 트리플에스 : SIGNAL WEEKLY 221029,tripleS official,126K views
Gonna Continue SIGNAL | tripleS 트리플에스 : SIGNAL 221106,tripleS official,142K views
tripleS Signal Saga ATOM01,tripleS official,128K views
Ordered Delivery Food With the Company Card | tripleS 트리플에스 : SIGNAL 221107,tripleS official,88K views
'Generation' MV 리액션 | Acid Angel from Asia.SSS,tripleS official,91K views
'Generation' MV 리액션(KRE ver.) | Acid Angel from Asia.SSS,tripleS official,96K views
Debut Preppin’ After School | tripleS 트리플에스 : SIGNAL 221108,tripleS official,77K views
tripleS 트리플에스 : Kaede.SSS,tripleS official,174K views
AAA’s Real Daily Routine | tripleS 트리플에스 : SIGNAL 221109,tripleS official,99K views
Gonna Ride a Yacht | tripleS 트리플에스 : SIGNAL 221110,tripleS official,109K views
Come to the Kitchen | tripleS 트리플에스 : SIGNAL 221111,tripleS official,430K views
tripleS Leaping Through Time | tripleS 트리플에스 : SIGNAL WEEKLY 221112,tripleS official,101K views
Hidden Charm | tripleS 트리플에스 : SSSIGNAL 221113,tripleS official,132K views
Generation MV Behind Film | Acid Angel from Asia.SSS,tripleS official,89K views
Welcome Kaede | tripleS 트리플에스 : SIGNAL 221114,tripleS official,237K views
Kaede’s Field Trip to a Broadcasting Station | tripleS 트리플에스 : SIGNAL 221115,tripleS official,127K views
Our First Dimension | tripleS 트리플에스 : SIGNAL 221116,tripleS official,85K views
ChaeYeon Taking the CSAT | tripleS 트리플에스 : SIGNAL 221117,tripleS official,137K views
Gotta Hang Out After Taking the CSAT | tripleS 트리플에스 : SIGNAL 221118,tripleS official,117K views
tripleS 05z Gathering | tripleS 트리플에스 : SIGNAL WEEKLY 221119,tripleS official,152K views
A Girl Group’s Part-time Job VLOG | tripleS 트리플에스 : SSSIGNAL 221120,tripleS official,41K views
Became Close Pretty Quick | tripleS 트리플에스 : SIGNAL 221121,tripleS official,74K views
TikTok Pick tripleS | tripleS 트리플에스 : SIGNAL 221122,tripleS official,73K views
What Kind of a Person is Kaede? | tripleS 트리플에스 : SIGNAL 221123,tripleS official,85K views
Bestie Chemistry | tripleS 트리플에스 : SIGNAL 221124,tripleS official,76K views
Gonna Debut as a Group of 10 | tripleS 트리플에스 : SIGNAL 221125,tripleS official,168K views
World Cup with tripleS | tripleS 트리플에스 : SIGNAL WEEKLY 221126,tripleS official,74K views
The Week Flew By | tripleS 트리플에스 : SSSIGNAL 221127,tripleS official,60K views
The Outing of the Youngests | tripleS 트리플에스 : SIGNAL 221128,tripleS official,275K views
Thanks Unnie | tripleS 트리플에스 : SIGNAL 221129,tripleS official,332K views
New Beginnings at the HAUS | tripleS 트리플에스 : SIGNAL 221130,tripleS official,141K views
How to look Pretty | tripleS 트리플에스 : SIGNAL 221201,tripleS official,89K views
"We the Dimension, Stronger the Emotion | tripleS 트리플에스 : SIGNAL 221202",tripleS official,172K views
Gravity Week | tripleS 트리플에스 : SIGNAL WEEKLY 221203,tripleS official,52K views
Her First Birthday as a tripleS Member | tripleS 트리플에스 : SSSIGNAL 221204,tripleS official,73K views
Kaede’s Hidden Charm | tripleS 트리플에스 : SIGNAL 221205,tripleS official,70K views
The Chick and the Water Droplet | tripleS 트리플에스 : SIGNAL 221206,tripleS official,63K views
Difference in Taste | tripleS 트리플에스 : SIGNAL 221207,tripleS official,95K views
This is ChaeYeon | tripleS 트리플에스 : SIGNAL 221208,tripleS official,143K views
tripleS 트리플에스 : SeoDaHyun.SSS,tripleS official,325K views
Our Memories | tripleS 트리플에스 : SIGNAL 221209,tripleS official,94K views
Gonna Replace My Screen Protector | tripleS 트리플에스 : SIGNAL WEEKLY 221210,tripleS official,57K views
YuBin’s First Dish | tripleS 트리플에스 : SSSIGNAL 221211,tripleS official,123K views
DaHyun’s Gonna Sing | tripleS 트리플에스 : SIGNAL 221212,tripleS official,135K views
Fundamental SeoYeon | tripleS 트리플에스 : SIGNAL 221213,tripleS official,65K views
올해 크리스마스는 특별할 거예요 | tripleS 트리플에스 : SIGNAL 221214,tripleS official,58K views
Introducing tripleS Black | tripleS 트리플에스 : SIGNAL 221215,tripleS official,87K views
This is SeoDaHyun | tripleS 트리플에스 : SIGNAL 221216,tripleS official,63K views
Roommate Kaede and Same Age SeoYeon | tripleS 트리플에스 : SIGNAL WEEKLY 221217,tripleS official,202K views
The First Day of Snow | tripleS 트리플에스 : SSSIGNAL 221218,tripleS official,61K views
S1 and S10 | tripleS 트리플에스 : SIGNAL 221219,tripleS official,43K views
Happy Birthday Kaede | tripleS 트리플에스 : SIGNAL 221220,tripleS official,47K views
JiWoo and YooYeon | tripleS 트리플에스 : SIGNAL 221221,tripleS official,51K views
Disney Princess vs Youngest Daughter of the Chaebol | tripleS 트리플에스 : SIGNAL 221222,tripleS official,116K views
Who’s tripleS’ Polar Bear? | tripleS 트리플에스 : SIGNAL 221223,tripleS official,40K views
Merry Christmas Eve | tripleS 트리플에스 : SIGNAL WEEKLY 221224,tripleS official,45K views
tripleS Santa Greetings | tripleS 트리플에스 : SSSIGNAL 221225,tripleS official,36K views
Gonna Buy Daily Necessities | tripleS 트리플에스 : SIGNAL 221226,tripleS official,115K views
Breaking News! | tripleS 트리플에스 : SIGNAL 221227,tripleS official,48K views
You Should’ve Been My Daughter | tripleS 트리플에스 : SIGNAL 221228,tripleS official,75K views
Gonna Buy Christmas Presents | tripleS 트리플에스 : SIGNAL 221229,tripleS official,30K views
COSMO EXCLUSIVE SIGNAL ‘2022 Christmas 10-Member LIVE’  [ EN JP CN ],tripleS official,43K views
We Are tripleS | tripleS 트리플에스 : SIGNAL 221229,tripleS official,76K views
The March of the Vocal Line | tripleS 트리플에스 : SIGNAL 221230,tripleS official,46K views
Was Always Happy in 2022 | tripleS 트리플에스 : SIGNAL 221231,tripleS official,34K views
The Future is tripleS | tripleS 트리플에스 : SIGNAL 230101,tripleS official,58K views
tripleS 트리플에스 : Kotone.SSS,tripleS official,238K views
Descendants of Rice Cake Soup | tripleS 트리플에스 : SIGNAL 230102,tripleS official,81K views
Check Out the ASC Behind Now | tripleS 트리플에스 : SIGNAL 230103,tripleS official,80K views
Gonna Have a Fan Signing Event | tripleS 트리플에스 : SIGNAL 230104,tripleS official,56K views
This is Kotone | tripleS 트리플에스 : SIGNAL 230105,tripleS official,218K views
Kotone Next Door | tripleS 트리플에스 : SIGNAL 230106,tripleS official,90K views
Welcome Kotone | tripleS 트리플에스 : SIGNAL WEEKLY 230107,tripleS official,176K views
COSMO EXCLUSIVE SIGNAL AAA의 공약 실천 김삼 먹방(ft.숙달돼지),tripleS official,65K views
Year End to New Year’s Big Release | tripleS 트리플에스 : SSSIGNAL 230108,tripleS official,45K views
SEOUL’s Rehearsing | tripleS 트리플에스 : SIGNAL 230109,tripleS official,48K views
코토네 집중 탐구｜EN JP CN｜SIGNAL 230110,tripleS official,47K views
Wanna Spoil｜EN JP CN｜SIGNAL 230111,tripleS official,91K views
Eleven’s Great Fortune!｜EN JP CN｜SIGNAL 230112,tripleS official,189K views
Introducing Kotone’s Friend｜EN JP CN｜SIGNAL 230113,tripleS official,71K views
"One Group, Two Stories｜EN JP CN｜SIGNAL WEEKLY 230114",tripleS official,59K views
Graduation and Takoyaki｜EN JP CN ID｜SSSIGNAL 230115,tripleS official,58K views
ChaeYeon’s K-POP Class｜EN JP CN ID｜SIGNAL 230116,tripleS official,56K views
A Rehearsal for S12｜EN JP CN ES ID｜SIGNAL 230117,tripleS official,81K views
tripleS 트리플에스 : KwakYeonJi.SSS,tripleS official,133K views
Kotone’s Memories｜EN JP CN ES ID｜SIGNAL 230118,tripleS official,40K views
"S12 Reaction, Parallel Universe, and Our Bags｜EN JP CN ES ID｜SIGNAL 230119",tripleS official,84K views
Going to the Tokyo HAUS｜EN JP CN ES ID｜SIGNAL 230120,tripleS official,119K views
Seoul Tokyo Real Time Play｜EN JP CN ID｜SIGNAL WEEKLY 230121,tripleS official,37K views
Lunar New Year with tripleS (Sub)｜EN JP CN ES ID｜SIGNAL 230122,tripleS official,77K views
YeonJi the Winking Pro｜EN JP CN ES ID｜SIGNAL 230123,tripleS official,68K views
TOKYO HAUS Upgrade｜EN JP CN ES ID｜SIGNAL 230124,tripleS official,62K views
How to Fight the Cold｜EN JP CN ES ID｜SIGNAL 230125,tripleS official,81K views
Today’s YeonJi’s VLOG｜EN JP CN ES ID｜SIGNAL 230126,tripleS official,72K views
댄스머신이 몇 명?｜EN JP CN ES ID｜SIGNAL 230127,tripleS official,53K views
Another Wholesome Week｜EN JP CN ES ID｜SIGNAL WEEKLY 230128,tripleS official,44K views
The Grand Brown Sugar Pancake Operation｜EN JP CN ES ID｜SSSIGNAL 230129,tripleS official,40K views
Kotone’s Takoyaki Age〜｜EN JP CN ES ID｜SIGNAL 230130,tripleS official,42K views
Together｜EN JP CN ES ID｜SIGNAL 230131,tripleS official,62K views
Tokyo Rising｜EN JP CN ES ID｜SIGNAL 230201,tripleS official,38K views
Gonna Go to the Ice Rink｜EN JP CN ES ID｜SIGNAL 230202,tripleS official,51K views
The Day YuBin Was Born｜EN JP CN ES ID｜SIGNAL 230203,tripleS official,41K views
케미 맛집 tripleS｜EN JP CN ES ID｜SIGNAL WEEKLY 230204,tripleS official,50K views
S’ Selfcam on Sundays｜EN JP CN ES ID｜SSSIGNAL 230205,tripleS official,33K views
A Day of the TOKYO SIGNAL Correspondent｜EN JP CN ES ID｜SIGNAL 230206,tripleS official,37K views
JiWoo’s Pastry Fish-shaped Pastry｜EN JP CN ES ID｜SIGNAL 230207,tripleS official,37K views
The Tokyoz’ Dance Practice!｜EN JP CN ES ID｜SIGNAL 230208,tripleS official,45K views
The Birthday of the Goddess｜EN JP CN ES ID｜SIGNAL 230209,tripleS official,37K views
With Rising Ahead of Us | tripleS 트리플에스 : SIGNAL 230210,tripleS official,51K views
tripleS RISING D-2 TalkShow | ASSEMBL [ EN JP CN ES ID ],tripleS official,33K views
With Rising Ahead of Us｜EN JP CN ES ID｜SSSIGNAL 230212,tripleS official,29K views
Gonna Rise｜EN JP CN ES ID｜SIGNAL 230213,tripleS official,56K views
ChaeYeon and DaHyun’s Home Date [ EN JP CN ES ID ] SIGNAL 230214,tripleS official,82K views
Met a Fan on the Streets of Tokyo｜EN JP CN ES ID｜SIGNAL 230215,tripleS official,106K views
First Debut Broadcast Performance｜EN JP CN ES ID｜SIGNAL 230216,tripleS official,65K views
Gonna Go to Work｜EN JP CN ES ID｜SIGNAL 230217,tripleS official,183K views
Is JiWoo an Angel?｜EN JP CN ES ID｜SIGNAL WEEKLY 230218,tripleS official,57K views
Pretty tripleS | tripleS 트리플에스 : SSSIGNAL 230219,tripleS official,69K views
Kotone’s Private Day｜EN JP CN ES ID｜ SIGNAL 230220,tripleS official,48K views
tripleS is Rising | tripleS 트리플에스 : SIGNAL 230221,tripleS official,38K views
Stop the Jealousy and Worries｜EN JP CN ES ID｜SIGNAL 230222,tripleS official,35K views
One and Only Baby｜EN JP CN ES ID｜SIGNAL 230223,tripleS official,52K views
Before GRAVITY｜EN JP CN ES ID｜SIGNAL 230224,tripleS official,34K views
Just Nothing Like A Dream It's A Dejavu | tripleS 트리플에스 : SIGNAL WEEKLY 230225,tripleS official,39K views
Why I'm looking forward to March｜EN JP CN ES ID｜SSSIGNAL 230226,tripleS official,37K views
See You in Seoul｜EN JP CN ES ID｜SIGNAL 230227,tripleS official,47K views
12 Different Colors | tripleS 트리플에스 : SIGNAL 230228,tripleS official,45K views
Kotone and YeonJi are in Seoul! | EN JP CN ES ID｜SIGNAL 230301,tripleS official,59K views
With a New Heart | EN JP CN ES ID｜SIGNAL 230302,tripleS official,184K views
tripleS True ASSEMBLE | EN JP CN ES ID｜SIGNAL 230303,tripleS official,381K views
Mergence | EN JP CN ES ID｜ SIGNAL WEEKLY 230304,tripleS official,78K views
Everyday Life  | EN JP CN ES ID｜SSSIGNAL 230305,tripleS official,85K views
"Seoul, Where Gamjatang Delivery’s Possible | EN JP CN ES ID｜SIGNAL 230306",tripleS official,93K views
Katone | EN JP CN ID | SIGNAL 230307,tripleS official,84K views
Recently on the tripleS Group Chat | EN JP CN ES ID | SIGNAL 230308,tripleS official,158K views
Toward the Next Dimension | EN JP CN ES ID | SIGNAL 230309,tripleS official,55K views
Happy Tone | tripleS 트리플에스 : SIGNAL 230310,tripleS official,131K views
Between 1 and 11 | tripleS 트리플에스 : SIGNAL WEEKLY 230311,tripleS official,72K views
Starting the New School Year | tripleS 트리플에스 : SSSIGNAL 230312,tripleS official,125K views
tripleS Takes Care of Kotone’s Footage | tripleS 트리플에스 : SIGNAL 230313,tripleS official,59K views
The Story of Two Girls | tripleS 트리플에스 : SIGNAL 230314,tripleS official,94K views
New HAUS Arrangement | tripleS 트리플에스 : SIGNAL 230315,tripleS official,320K views
"Hello, Yeouido HAUS | tripleS 트리플에스 : SIGNAL 230316",tripleS official,96K views
KRE Ready | tripleS 트리플에스 : SIGNAL 230317,tripleS official,67K views
Come Thru to the Trading Cafe | tripleS 트리플에스 : SIGNAL WEEKLY 230318,tripleS official,76K views
Hangang Ramyeon and Tteokkochi | tripleS 트리플에스 : SSSIGNAL 230319,tripleS official,83K views
tripleS 트리플에스 : Nien.SSS,tripleS official,508K views
Two Cuts of Life | tripleS 트리플에스 : SIGNAL 230320,tripleS official,177K views
방배정 SIGNAL SPECIAL | EN JP CN ES ID | SIGNAL 230315,tripleS official,175K views
Study Session Fun Facts: Never End Up Studying  | tripleS 트리플에스 : SIGNAL 230321,tripleS official,66K views
유연 독점 꽃을 만들겠습니다 | EN JP CN ES ID |  SIGNAL 230322,tripleS official,83K views
The Quarantined Liberationz | tripleS 트리플에스 : SIGNAL 230323,tripleS official,63K views
This is Nien | tripleS 트리플에스 : SIGNAL 230324,tripleS official,117K views
Who’s tripleS’ Visual? | EN JP CN ES ID｜SIGNAL WEEKLY 230325,tripleS official,59K views
운명의 연결고리 | EN JP CN ES ID | SSSIGNAL 230326,tripleS official,111K views
니토네 | EN JP CN ES ID | SIGNAL 230327,tripleS official,60K views
나경 언니 죄송합니다흐 | EN JP CN ES ID | SIGNAL 230328,tripleS official,68K views
We Get Along So Well | EN JP CN ID | SIGNAL 230329,tripleS official,49K views
NaKyoung X BIBI Rising Challenge | EN CN ES ID | BEHIND,tripleS official,117K views
triple Cherry Blossom | EN JP CN ID | SIGNAL 230330,tripleS official,59K views
Come Thru to the Seongsu HAUS | EN JP CN ID | SIGNAL 230331,tripleS official,63K views
Nien’s Winkly | tripleS 트리플에스 : SIGNAL WEEKLY 230401,tripleS official,68K views
Spring Girls | EN JP CN ID | SSSIGNAL 230402,tripleS official,104K views
Which Food Got You This Pretty? | EN JP CN ID | SIGNAL 230403,tripleS official,127K views
Why +(KR)ystal Eyes are Strong | EN JP CN ES ID | SIGNAL 230404,tripleS official,69K views
DaHyun’s a Cooking Queen | EN JP CN ES ID | SIGNAL 230405,tripleS official,65K views
A MV Spoiler Without KRE | EN JP CN ES ID | SIGNAL 230406,tripleS official,42K views
The Rappers’ Dance Rehearsal | EN JP CN ES ID | tripleS 트리플에스 : SIGNAL 230407,tripleS official,38K views
Fandom Name Gravity Opening Day | EN JP CN ES ID | tripleS 트리플에스 : SIGNAL WEEKLY 230408,tripleS official,52K views
Little by Little | EN JP CN ES ID | tripleS 트리플에스 : SSSIGNAL 230409,tripleS official,44K views
"WAV, Great to Meet You | EN JP CN ES | tripleS 트리플에스 : SIGNAL 230410",tripleS official,41K views
A Pretty S Next to a Pretty S | EN JP CN ES ID | tripleS 트리플에스 : SIGNAL 230411,tripleS official,37K views
HyeRin's Birthday | EN JP CN ES | SIGNAL 230412,tripleS official,28K views
Gonna Practice Baseball | EN JP CN｜SIGNAL 230413,tripleS official,54K views
tripleS 트리플에스 : ParkSoHyun.SSS,tripleS official,153K views
The Hanlimz’ After School Vibe Check | EN CN JP｜SIGNAL 230414,tripleS official,90K views
HyeRin and SooMin's True Friend Chemistry | EN JP CN｜SIGNAL WEEKLY 230415,tripleS official,35K views
Grand Merge of Worlds｜EN JP CN | Special SIGNAL 230405,tripleS official,131K views
Why The Princesses Were Surprised | EN JP CN ES｜SSSIGNAL 230416,tripleS official,86K views
It's Binary Season!｜EN JP CN ｜SIGNAL 230417,tripleS official,43K views
This is ParkSoHyun｜EN JP CN｜SIGNAL 230418,tripleS official,229K views
Charismatic Teacher SoHyun｜EN JP CN｜SIGNAL 230419,tripleS official,64K views
Two Big WAVes｜EN JP CN｜SIGNAL 230420,tripleS official,136K views
Grand Gravity From Today!｜EN CN｜SIGNAL 230421,tripleS official,49K views
How Many Big Events Happened? | EN JP CN｜ SIGNAL WEEKLY 230422,tripleS official,48K views
Late Night Gimbab Activity | EN JP CN｜SSSIGNAL 230423,tripleS official,54K views
Where's My Roommate?｜EN JP CN｜SIGNAL 230424,tripleS official,61K views
We're the ParkShhz｜EN JP CN｜SIGNAL 230425,tripleS official,61K views
We Are One and also The Blue Room｜EN JP CN｜SIGNAL 230426,tripleS official,38K views
Hangang Ramyeon Cooked With Hangang Water｜EN JP CN｜SIGNAL 230427,tripleS official,56K views
Same Genre Different Styles | EN JP CN ES ID | SIGNAL 230428,tripleS official,56K views
Precious Times | EN JP CN | SIGNAL WEEKLY 230429,tripleS official,28K views
An Open Diary | EN JP CN ES ID | SSSIGNAL 230430,tripleS official,119K views
Gonna Look Back on Grand Gravity｜EN JP CN｜SIGNAL 230501,tripleS official,297K views
Endless Chemistry Expansion | EN JP CN ES ID | SIGNAL 230502,tripleS official,46K views
Does LP stand for Lovely Person? | EN JP CN ES ID | SIGNAL 230503,tripleS official,92K views
Maxed Out Beauty | EN JP CN ES ID | SIGNAL 230504,tripleS official,372K views
Who's the Younger Child? | EN JP CN ES ID | SIGNAL 230505,tripleS official,619K views
'Cherry Talk' MV Reaction | EN JP CN ES ID | +(KR)ystal Eyes.SSS,tripleS official,59K views
We Can Reveal It Now | EN JP CN ES IN | SSSIGNAL 230507,tripleS official,533K views
'Cherry Talk' MV Reaction | EN JP CN ES IN | tripleS,tripleS official,223K views
A Special Mission for tripleS | EN JP CN ES ID | SIGNAL 230515,tripleS official,126K views
The Hanlim Store Queen is Back | EN JP CN ES ID | SIGNAL 230516,tripleS official,38K views
Kotone Riding Thru Nature | EN JP CN ES ID | SIGNAL 230517,tripleS official,55K views
Pump Goddess KwakKwak KwakYeonJi  | EN JP CN ES IN | SIGNAL 230518,tripleS official,65K views
Gonna Move to a New HAUS | EN JP CN ES ID | SIGNAL 230519,tripleS official,126K views
Heart Touching True Stor | EN JP CN ES ID | SIGNAL WEEKLY 230520,tripleS official,36K views
Graduation Photo and HAUS Moving Prep | EN JP CN ES IN | SSSIGNAL 230521,tripleS official,46K views
Beginning of the Namsan Era | EN JP CN ES ID | SIGNAL 230522,tripleS official,76K views
Looking for NaKyoung's Teammates | EN JP CN ES ID | SIGNAL 230523,tripleS official,39K views
New Memories from Today | EN JP CN ES ID | SIGNAL 230524,tripleS official,39K views
YuBin Team's Chemistry On Point｜EN JP CN ES ID｜SIGNAL 230525,tripleS official,65K views
Kotone & Nien = The Best Combo | EN JP CN ES ID | SIGNAL 230526,tripleS official,78K views
"New HAUS, Already a Week | EN JP CN ES ID | SIGNAL WEEKLY 230527",tripleS official,40K views
Introducing tripleS' Player | EN JP CN ES ID | SSSIGNAL 230528,tripleS official,42K views
MC Kotone's Gonna Rap | EN JP CN ES ID | SIGNAL 230529,tripleS official,48K views
Wherever HyeRin Goes is a Delicious | EN JP CN ES ID | SIGNAL 230530,tripleS official,37K views
Soda's Playlist for WAVes | EN JP CN ES ID | SIGNAL 230531,tripleS official,22K views
NaKyoung YuBin Quarantinez Reunite｜EN JP CN ES ID｜SIGNAL 230601,tripleS official,50K views
"Birthday tripleS' Treasure, Nien | EN JP CN ES IN | SIGNAL 230602",tripleS official,36K views
Sweetie Nien's Delightful WINKLY | EN JP CN ES ID | SIGNAL WEEKLY 230603,tripleS official,30K views
I Live Alone (Actually as a Group of 14) | EN JP CN ES ID | SSSIGNAL 230604,tripleS official,50K views
Letting the Big Eyez Go Because They're Cute | EN JP CN ES ID | SIGNAL 230605,tripleS official,47K views
In Charge of the Cherry Gene Performance! | EN JP CN ES ID | SIGNAL 230606,tripleS official,68K views
This Combo Also Has Good Chemistry｜EN JP CN ES ID｜SIGNAL 230607,tripleS official,49K views
Dance Queen NaKyoung's Cherry Gene Dance Class｜EN JP CN ES ID｜SIGNAL 230608,tripleS official,35K views
NaKyoung's Team and YuBin's Team Assemble | EN JP CN ES ID | SIGNAL 230609,tripleS official,58K views
Quarantinez Reveal Their Beauty | EN JP CN ES ID | SIGNAL WEEKLY 230610,tripleS official,26K views
tripleS Eating and Living Well | EN JP CN ES ID | SSSIGNAL 230611,tripleS official,47K views
"What Makes SoHyun, SoHyun | EN JP CN ES ID | SIGNAL 230612",tripleS official,96K views
Back From the Queendom Puzzle Production Press Conference | EN JP CN ES ID | SIGNAL 230613,tripleS official,29K views
Powerpuff Girls & Lion Queen's Final Checkup | EN JP CN ES ID | SIGNAL 230614,tripleS official,47K views
Quarantinez… Chilling in the Sauna! | EN JP CN ES ID | SIGNAL 230615,tripleS official,45K views
Observations of the Besties | EN JP CN ES ID | SIGNAL 230616,tripleS official,33K views
"WAVes, Come Thru to the Green Room! | EN JP CN ES ID | SIGNAL WEEKLY 230617",tripleS official,23K views
JiWoo in a Teenage Drama | EN JP CN ES ID | SSSIGNAL 230618,tripleS official,27K views
Nikawaii's Charismatic Performance | EN JP CN ES ID | SIGNAL 230619,tripleS official,25K views
tripleS Maknaez Chemistry is Insane | EN JP CN ES ID | SIGNAL 230620,tripleS official,31K views
+(KR)ystal Eyes' Healing Time | EN JP CN ES ID | SIGNAL 230621,tripleS official,36K views
Testing Perfume over the Internet feat Teacher Jeong | EN JP CN ES ID | SIGNAL 230622,tripleS official,19K views
Love2gether | EN JP CN ES ID | SIGNAL 230623,tripleS official,20K views
ForForFormer Mint Room Chemistry Forever | EN JP CN｜SIGNAL WEEKLY 230624,tripleS official,17K views
Touch the Heart of tripleS! | EN JP CN ES ID｜SSSIGNAL 230625,tripleS official,29K views
The Day 8 LOVElution Members Got Together | EN JP CN ES ID｜SIGNAL 230626,tripleS official,82K views
The Arrival of Pilates goddesses | EN JP CN ES ID｜SIGNAL 230627,tripleS official,32K views
DaHyun and SoHyun Who Know How to Hang Out | EN JP | SIGNAL 230628,tripleS official,45K views
SooMin Does Her Performance Evaluation at M Countdown | EN JP CN ES ID | SIGNAL 230629,tripleS official,27K views
tripleS Seed Stage : NaKyoung SooMin Kaede SoHyun | AS IF IT'S YOUR LAST,tripleS official,196K views
tripleS Seed Stage : YuBin HyeRin ChaeYeon DaHyun YeonJi Nien | LION,tripleS official,534K views
She’s here! The Prettiest Girl From Chowol-eup｜EN JP CN ES｜SIGNAL 230630,tripleS official,68K views
A Week’s News From YeonJi｜EN JP CN ES ID｜SIGNAL WEEKLY 230701,tripleS official,24K views
OPENING the Tokyoz' Memory Box! feat. Disneyland｜EN JP ES ID｜BEHIND,tripleS official,79K views
tripleS 트리플에스 : Xinyu.SSS,tripleS official,156K views
The Charm of the Multitalented Maknaes｜EN JP CN ES ID｜SSSIGNAL 230702,tripleS official,37K views
NEW HAUS Beyond Imagination | EN JP CN ES ID l SIGNAL 230703,tripleS official,138K views
The Arrival of the Last LOVElution Member | EN JP CN ES ID | SIGNAL 230704,tripleS official,163K views
DaHyun and Xinyu's HAUS Adaptation Period | EN JP CN ES ID | SIGNAL 230705,tripleS official,84K views
"Cherry Gene challenge with Kotone, Xinyu | EN JP ES ID | SIGNAL 230706",tripleS official,102K views
Chemistry Exploded | EN JP CN ID | SIGNAL 230707,tripleS official,77K views
Queendom Puzzle Consultation｜EN JP CN ES ID｜tripleS ARTMS,tripleS official,136K views
S15 Xinyu's First Week with Nien｜EN JP CN ES ID｜SIGNAL WEEKLY 230708,tripleS official,50K views
Life in the NEW HAUS｜EN JP CN ES ID｜SSSIGNAL 230709,tripleS official,100K views
You Can Look Forward to LOVElution | EN JP CN ES ID | SIGNAL 230710,tripleS official,59K views
(Finally) Horror Movie Night | EN JP CN ID | SIGNAL 230711,tripleS official,361K views
The Dish to Follow Up Takoyaki??? | EN JP CN | SIGNAL 230712,tripleS official,45K views
Why They Brought Pillows to the Music Show | EN CN |  SIGNAL 230713,tripleS official,38K views
ASMR but it's actually a Mukbang | EN JP CN | SIGNAL 230714,tripleS official,50K views
"MV Shoot, Horror Movie Night, Cookbang, Talk, and ASMR｜EN JP CN ES | SIGNAL WEEKLY 230715",tripleS official,26K views
Beautiful Times｜EN JP CN ES｜SSSIGNAL 230716,tripleS official,30K views
We're MODU HAUS | EN JP CN | SIGNAL 230717,tripleS official,54K views
We're the Cookie HAUS | EN JP CN | SIGNAL 230718,tripleS official,58K views
tripleS 트리플에스 : Mayu.SSS,tripleS official,146K views
We're the Mod-a-forest HAUS | EN JP CN | SIGNAL 230719,tripleS official,42K views
These Objekts Are Also Looking Amazing | EN CN JP | SIGNAL 230720,tripleS official,38K views
JiWoo's story in Modu-HAUS single room | EN JP CN | SIGNAL 230721,tripleS official,34K views
Skinny JiWoo's Wholesome TalkShow | EN JP CN | SIGNAL WEEKLY 230722,tripleS official,27K views
"S6 SooMin, 16-Year-Old YeonJi, S16 Mayu｜EN CN｜SSSIGNAL 230723",tripleS official,38K views
Strawberry Cookie Mayu's Arrival | EN JP CN | SIGNAL 230724,tripleS official,85K views
Calling WAVes Curious About Mayu! feat. Ultimate Foreignerz | EN JP CN | SIGNAL 230725,tripleS official,38K views
Bestie Chemistry in Just 3 Days | EN JP CN | SIGNAL 230726,tripleS official,37K views
The Chemistry of the Oldest & Youngest of 16 Sisters | EN CN | SIGNAL 230727,tripleS official,48K views
ChaeYeon and Mayu's Snack Stealing Scene | EN JP | SIGNAL 230728,tripleS official,33K views
Adorable YeonYooz | EN CN | SIGNAL WEEKLY 230729,tripleS official,21K views
Secret to Adapting to the HAUS｜EN｜SSSIGNAL 230730,tripleS official,31K views
LOVElution 쇼케이스가 코앞에! | EN JP CN | SIGNAL 230731,tripleS official,33K views
Hanging out alone feels awkward for a 24-person girl group idol member | EN JP CN | SIGNAL 230801,tripleS official,31K views
S6 and S16's Gravity Predictions | EN JP CN | SIGNAL 230802,tripleS official,23K views
The Cutest Takoyaki in the World by Katoma | EN JP CN | SIGNAL 230803,tripleS official,44K views
Kochaerin are Ara Ara Every Morning | EN JP CN | SIGNAL 230804,tripleS official,37K views
Was an Amazing Week | EN JP CN | SIGNAL WEEKLY 230805,tripleS official,18K views
Happy Birthday SeoYeon~｜EN｜SSSIGNAL 230806,tripleS official,32K views
Seoul Summer Tokyo Sonyos | EN CN | SIGNAL 230807,tripleS official,28K views
Please Just Grow Healthily | EN JP CN | SIGNAL 230808,tripleS official,22K views
YooYeon's Charm is Infinite | EN JP CN | SIGNAL 230809,tripleS official,58K views
While Preparing for the LOVElution Tour! | EN CN｜SIGNAL 230810,tripleS official,25K views
YuBin Sharing Mille Feuille Nabe With Mayu｜EN JP CN｜SIGNAL 230811,tripleS official,50K views
SeoYeon and SoHyun's Special Stage? | EN JP CN｜ SIGNAL WEEKLY 230812,tripleS official,30K views
LOVElution Members Watching the LOVElution MV Teaser｜EN JP CN｜SSSIGNAL 230813,tripleS official,35K views
Is This Really ASMR…?｜EN CN｜SIGNAL 230814,tripleS official,42K views
Sinsa Date with SoHyun 2 Days Before Her Debut｜EN CN｜SIGNAL 230815,tripleS official,51K views
tripleS LOVElution D-1｜EN JP CN｜SIGNAL 230816,tripleS official,44K views
We are all LOVElution from today | EN | SIGNAL 230817,tripleS official,43K views
"LOVElution's First Broadcast Performance! Meanwhile, EVOLution?｜EN CN｜SIGNAL 230818",tripleS official,37K views
Heard tripleS on the Streets｜EN JP CN｜SIGNAL WEEKLY 230819,tripleS official,23K views
LOVElution's voice queen | EN JP CN | SSSIGNAL 230820,tripleS official,23K views
LOVElution SeoYeon X HyeRin Chemistry Compilation ZIP｜EN JP CN｜SIGNAL 230821,tripleS official,25K views
LOVElution Nien X Xinyu Chemistry Compilation ZIP | EN JP CN｜SIGNAL 230822,tripleS official,31K views
LOVElution Kaede X DaHyun Chemistry Compilation ZIP｜EN JP CN｜SIGNAL 230823,tripleS official,23K views
LOVElution HyeRin X YuBin Chemistry Compilation ZIP ｜EN JP CN ｜SIGNAL 230824,tripleS official,17K views
LOVElution SeoYeon X SoHyun Chemistry Compilation ZIP｜EN CN｜SIGNAL 230825,tripleS official,24K views
Next to ChaeTone｜EN JP CN｜SIGNAL 230828,tripleS official,32K views
"WAVes, Get Over Here｜EN｜SIGNAL 230829",tripleS official,26K views
When Did YeonJi and Mayu Become This Close?｜EN｜SIGNAL 230830,tripleS official,35K views
LOVEly LOVElution on M Countdown｜EN JP CN｜SIGNAL 230831,tripleS official,24K views
Choreo for 16 Members Coming Soon｜EN JP CN｜SIGNAL 230901,tripleS official,31K views
This Week’s News Told By EVOLution｜EN JP CN｜SIGNAL 230902,tripleS official,26K views
Hangang's Beauty Queens｜EN CN｜SSSIGNAL 230903,tripleS official,52K views
Kotone: Please don't make fun of Mayu unnie~｜EN CN｜SIGNAL 230904,tripleS official,45K views
Chaotic Kimchi Fried Rice｜EN｜SIGNAL 230905,tripleS official,29K views
2 Giant Kids in Garosu-gil｜EN JP CN｜SIGNAL 230906,tripleS official,33K views
Became a New Idol Group Overnight｜EN JP CN ｜SIGNAL 230907,tripleS official,36K views
SWF2 Smoke Challenge!!｜EN JP CN｜SIGNAL 230908,tripleS official,30K views
JiWoo ChaeYeon's Escape Room and the Brand Award Behind｜EN JP CN｜SIGNAL 230909,tripleS official,25K views
16 Member Choreo GRAVITY Reaction｜EN｜SSSIGNAL 230910,tripleS official,23K views
Create EVOLution together | EN | SIGNAL 230911,tripleS official,28K views
S17 Kim YeonChae Enjoys Meditation | EN CN | SIGNAL 230912,tripleS official,39K views
16 Year Old YeonJi's Past Life Talk | EN JP CN | SIGNAL 230913,tripleS official,29K views
SeoYeon and Xinyu Wrap Up The Day | EN JP CN | SIGNAL 230914,tripleS official,35K views
Hearty eaters of tripleS｜EN JP CN ｜SIGNAL 230915,tripleS official,26K views
Small Spoiler About EVOLution | EN JP CN | SIGNAL 230916,tripleS official,21K views
Stunning girls with glasses｜EN JP CN ｜SSSIGNAL 230917,tripleS official,26K views
LOVElution US Tour D-6｜EN CN｜SIGNAL 230918,tripleS official,23K views
Guess Who's the Unnie｜EN CN｜SIGNAL 230919,tripleS official,43K views
JiWoo Thinks Mayu is Cute | EN CN | SIGNAL 230920,tripleS official,47K views
Swimming at Night in the Philippines | EN JP CN | SIGNAL 230921,tripleS official,46K views
LOVElution's US Tour Starts! | SIGNAL 230922,tripleS official,30K views
Hyperrealistic Fansign Experience | EN JP CN | SIGNAL WEEKLY 230923,tripleS official,22K views
Kim ChaeYeon Joins The Contents Team? | EN JP CN | SSSIGNAL 230924,tripleS official,22K views
Hangzhou Objekts Are So Cute | EN | SIGNAL 230925,tripleS official,27K views
How Dare It Rain... When EVOLution Films Content | EN CN | SIGNAL 230926,tripleS official,27K views
Atlanta Concert Touched Our Hearts! Let's See It Together~ | EN | SIGNAL 230927,tripleS official,24K views
EVOLution ChaeYeon's Chuseok Greetings | EN | SIGNAL 230928,tripleS official,16K views
"YooYeon, YuBin, DaHyun's Chuseok Greetings | EN | SIGNAL 230929",tripleS official,23K views
EVOLution NaKyoung and LOVElution HyeRin's Chuseok Greetings | SIGNAL 230930,tripleS official,16K views
Four S' Spend Chuseok Overseas | SIGNAL 231001,tripleS official,25K views
Pretty SooMin's 17th Birthday | EN JP CN | SIGNAL 231002,tripleS official,19K views
Baby JiWoo's Unnie Moment feat SooMin | EN CN | SIGNAL 231003,tripleS official,20K views
When YuBin Makes Tofu in New York | EN | SIGNAL 231004,tripleS official,35K views
Are they the same girls in INVINCIBLE teaser? | EN JP CN | SIGNAL 231005,tripleS official,27K views
SIGNAL will be totally changed! | EN JP CN | SIGNAL 231006,tripleS official,30K views
Comments from WAV are always packed with fresh ideas | EN JP CN | SIGNAL WEEKLY 231007,tripleS official,16K views
Our moments to share with WAV | EN JP CN | SSSIGNAL 231008,tripleS official,28K views
LOVElution in USA is beautiful as always | EN JP CN | SIGNAL 231009,tripleS official,25K views
YooYeon's Visual Legend Day | EN JP CN | SIGNAL 231010,tripleS official,91K views
Invincible MV Reaction | EN JP CN | EVOLution.SSS,tripleS official,68K views
EVOLution's showcase with tears | EN JP CN | SIGNAL 231013,tripleS official,43K views
Korea lights up with the return of LOVElution | EN CN | SIGNAL 231016,tripleS official,27K views
Collection of EVOLution's self-cam in music shows! | EN JP CN | SIGNAL 231020,tripleS official,29K views
Let's check out how all-16 members content Gravity turned out! | EN JP CN | SIGNAL 231023,tripleS official,33K views
JiWoo and SoHyun's heartwarming birthday cafe tour | EN JP CN | SIGNAL 231026,tripleS official,22K views
"Is this a picnic, a SIGNAL, a Challenge, or a PPL of COSMO? | EN JP CN | SIGNAL 231027",tripleS official,27K views
WAV's comments are so funny | EN | SIGNAL WEEKLY 231028,tripleS official,18K views
"Dear WAV who have followed EVOLution until the end; We love you, sincerely | EN JP | SIGNAL 231030",tripleS official,30K views
tripleS NEXT,tripleS official,78K views
SSSS-Level News Leaving Everyone Surprised | EN JP CN | SIGNAL 231101,tripleS official,40K views
Nostalgic Yacht Live of +(KR)ystal Eyes on Han River | EN | SIGNAL 231102,tripleS official,19K views
LOVElution's US Tour Behind Talk | EN JP CN | SiGNAL 231103,tripleS official,28K views
NaKyoung's Playlist Behind Talk! | EN JP CN | SIGNAL 231106,tripleS official,25K views
Surprising NEWS! Only Told To WAV! | EN JP CN | SIGNAL 231108,tripleS official,28K views
Completed filming 'New Look' with 16 members! | SIGNAL 231109,tripleS official,41K views
tripleS ChaeKoNi : Who's the best slickback Challenger? | EN | SIGNAL 231110,tripleS official,31K views
tripleS와 매일 쌓아온 추억 모음 | EN JP CN |SIGNAL WEEKLY 231111,tripleS official,17K views
Who is the best bowling player in tripleS? | EN JP CN | SIGNAL 231113,tripleS official,82K views
Beauty that colors the Autumn | EN JP | SIGNAL 231115,tripleS official,41K views
For the bright future of all CSAT applicants | EN JP | SIGNAL 231116,tripleS official,39K views
Most Members Ever😮 Reveal the Behind of 16 members' New Look Dance Practice! | EN JP | SIGNAL 231117,tripleS official,48K views
GRAVITY is here to deliver fantastic music to everyone! | EN | SIGNAL 231118,tripleS official,56K views
tripleS OT16 'New Look' reaction! | EN JP CN | SIGNAL 231120,tripleS official,69K views
DaHyun became the MC for the Ballad Gravity LIVE! | EN | SIGNAL 231121,tripleS official,24K views
Epilogue of the Ballad Gravity LIVE | EN | SIGNAL 231122,tripleS official,33K views
Beautiful tripleS '+(KR)ystal Eyes' at a beautiful bagel shop | EN | SIGNAL 231123,tripleS official,26K views
16 Members in New Look! Beauty of tripleS rewrites the history | EN | SIGNAL 231124,tripleS official,40K views
Collection of tripleS self-cam in November | EN | SIGNAL 231125,tripleS official,38K views
"The New You and I, Exchange | EN | SIGNAL 231127",tripleS official,31K views
Let's record the ballad song of tripleS! | EN | SIGNAL 231128,tripleS official,22K views
Thank You For Awarding Us 2023 MAMA Best New Female Artist | EN JP | SIGNAL 231129,tripleS official,110K views
Dimensions of tripleS : The Beginning | EN | SIGNAL 231130,tripleS official,38K views
Four Angels in LotteWorld! | EN | SIGNAL 231202,tripleS official,44K views
"Our cute Apeach ChaeYeon, Happy Birthday~ | EN | SIGNAL 231204",tripleS official,20K views
The combination with comfy atmosphere! | EN | SIGNAL 231206,tripleS official,42K views
Today's Atmosphere of SeoYeon and Nien! | EN | SIGNAL 231208,tripleS official,23K views
Searching for WAV's comments on tripleS contents | EN | SIGNAL WEEKLY 231209,tripleS official,17K views
Enthusiastic viewers of 'the Badge War' | EN | SIGNAL 231211,tripleS official,89K views
tripleS Aria is getting ready! | EN | SIGNAL 231212,tripleS official,25K views
The realistic evening routines in Gingerbread HAUS! | EN | SIGNAL 231213,tripleS official,31K views
tripleS 트리플에스 : tripleS NXT (?),tripleS official,82K views
Every day is brand-new and thrilling with tripleS | EN | SIGNAL WEEKLY 231216,tripleS official,23K views
Who's NXT Girls? | EN | SIGNAL 231218,tripleS official,39K views
The goddess of free throw YuBin and the fairy of victory tripleS! | EN | SIGNAL 231219,tripleS official,26K views
"If you are happy as it's Kaede's birthday, come and share the moments! | EN | SIGNAL 231220",tripleS official,20K views
The day when tripleS EVOLution went to Australia! | EN JP | SIGNAL 231221,tripleS official,34K views
The way how tripleS enjoy their year-end | EN JP | SIGNAL 231222,tripleS official,26K views
EVOLution Shines Brighter in Australia | EN | SIGNAL 231223,tripleS official,36K views
Happy Christmas Evening with tripleS Aria🎄[ EN ],tripleS official,39K views
tripleS 트리플에스 : Lynn.SSS,tripleS official,86K views
Who is the MVP of the Badge War Ep.3? | EN | SIGNAL 231226,tripleS official,71K views
tripleS 트리플에스 : JooBin.SSS,tripleS official,67K views
Let's take a look at Fan Meet Up with tripleS! | EN | SIGNAL 231227,tripleS official,28K views
tripleS 트리플에스 : JeongHaYeon.SSS,tripleS official,61K views
tripleS 트리플에스 : ParkShiOn.SSS,tripleS official,57K views
Behind the scenes of 2023 Christmas Objekts! | EN | SIGNAL 231229,tripleS official,43K views
The best gift of 2023 is WAV! | EN | SIGNAL 231230,tripleS official,23K views
"WAV, you made year 2023 of tripleS ❤️ | EN | SIGNAL 231231",tripleS official,45K views
Let's be with tripleS for the new beginning of year 2024 😄,tripleS official,23K views
Exciting moments of tripleS NXT in filming locations | EN | SIGNAL 240102,tripleS official,42K views
tripleS 2023 AWARDS GRAVITY - Who is your best S? | EN | 240103,tripleS official,38K views
Time For tripleS To Fall For NXT! | EN | SIGNAL 240104,tripleS official,65K views
Cuteness of tripleS NXT is on the NXT level | EN | SIGNAL 240105,tripleS official,64K views
YeonJi's graduation V-log filmed by SooMin | EN | SIGNAL 240106,tripleS official,48K views
Sweet as a strawberry! DaHyun and YeonJi's birthday | EN | SIGNAL 240108,tripleS official,28K views
Our adorable tripleS in vacation | EN | SIGNAL 240109,tripleS official,27K views
What were the enormous benefits for winners of tripleS AWARDS? | EN | SIGNAL 240110,tripleS official,57K views
Now it's time to make a wish for Badge War Season 2 | EN | SIGNAL 240112,tripleS official,79K views
The NXT generation of funny contents from tripleS NXT | EN | SIGNAL 240113,tripleS official,44K views
'Door' MV Reaction | EN | Aria.SSS,tripleS official,28K views
16 + 4 = tripleS OT20 | EN | SIGNAL 240116,tripleS official,177K views
A New Foreigner Member Appears! | EN | SIGNAL 240117,tripleS official,90K views
The ex-maknae welcoming our new maknae | EN | SIGNAL 240118,tripleS official,88K views
JooBin Is Sweeter Than Strawberry Cake | EN | SIGNAL 240119,tripleS official,40K views
The day when the door of five beauties opened up widely | tripleS Aria MV BEHIND [ EN ],tripleS official,17K views
The sweet & exciting first night in HAUS | EN | SIGNAL 240122,tripleS official,38K views
Beginning the journey with HaYeon | EN | SIGNAL 240123,tripleS official,72K views
"ShiOn with heartwarming voice, welcome to HAUS! | EN | SIGNAL 240124",tripleS official,78K views
Does NXT finish adapting to HAUS already? | EN | SIGNAL 240125,tripleS official,27K views
Will there be any umbrellas in Aria's debut stage? | EN | SIGNAL 240126,tripleS official,23K views
The birth of the funniest ballad group in the world! [ EN ],tripleS official,55K views
Aria on their way to find WAV instead of an umbrella | EN | SIGNAL 240129,tripleS official,23K views
D-4 of tripleS Authentic In Seoul | EN | SIGNAL 240130,tripleS official,40K views
4study 4work 4inst 4WAV💙 | EN JP CN | SIGNAL 240201,tripleS official,29K views
WAV! JiWoo finally graJiWooated~🎓 | EN | SIGNAL 240202,tripleS official,34K views
tripleS 2024 SEASON'S GREETINGS BEHIND | EN JP | LOVE EVOLution,tripleS official,46K views
tripleS Official Light Stick (prod. by WAV) | EN | SIGNAL 240205,tripleS official,24K views
Wanna see Aria...But we've got no on-air stages T.T | EN JP | SIGNAL 240206,tripleS official,21K views
YuBin turned the school hallway into a runway at her graduation | EN | SIGNAL 240207,tripleS official,38K views
"Japan Vacation-log of MayuYeon : DisneySea, Shibuya, and more! | EN | SIGNAL 240208",tripleS official,64K views
"Knock, knock! Self-cam vids from tripleS are here! | EN | SIGNAL 240210",tripleS official,29K views
The reason why decorating chocolate boxes in MODU HAUS was so hard | EN | SIGNAL 240211,tripleS official,36K views
With different tastes! Preparing Valentine's Day in Mod-a-forest HAUS | EN | SIGNAL 240212,tripleS official,28K views
There's history of tripleS in the chocolate box of Cookie HAUS | EN | SIGNAL 240213,tripleS official,34K views
"Another natural occurence of Dimension, the ASSEMBLE24 | EN | SIGNAL 240213",tripleS official,220K views
Reaction of tripleS about ASSEMBLE24 Grand Gravity Day1 | EN | SIGNAL 240215,tripleS official,205K views
"WAV, don't forget to participate a lot for the Grand Gravity❤️ |  EN | SIGNAL 240215",tripleS official,31K views
Gonna listen to the songs of ASSEMBLE24 Gravity Day2 in advance | EN | SIGNAL 240217,tripleS official,120K views
tripleS in 2024 Gangwon Winter Youth Olympic Games | EN | SIGNAL 240217,tripleS official,46K views
Now it's the finals! We believe WAV's choices! | EN | SIGNAL 240219,tripleS official,26K views
The finals of title track Gravity! small ss are here together | EN | SIGNAL 240219,tripleS official,77K views
Thank you for every WAV who participated for the Grand Gravity! | EN | SIGNAL 240220,tripleS official,34K views
Rookie of the Year in 2023 Hanteo Music Awards! Thank you WAV♥ | EN | SIGNAL 240221,tripleS official,57K views
Sweet & tender 02z chemistry between SoHyun & Xinyu | EN JP | SIGNAL 240222,tripleS official,143K views
Chef SooMin's Kimchi soup with Assistant YooYeon | EN | SIGNAL 240223,tripleS official,72K views
LOVElution 'Authentic in US' Behind Film Part.1 [ EN ],tripleS official,51K views
Breaking News : Today tripleS started recoding songs for ASSEMBLE24! | EN | SIGNAL 240227,tripleS official,41K views
"Shortly, we'll bring springtime | EN | SIGNAL 240228",tripleS official,38K views
Glowing Sparkly ✨ A shiny day of SoHyun | EN JP | SIGNAL 240301,tripleS official,97K views
LOVElution 'Authentic in US' Behind Film Part.2 [ EN ],tripleS official,35K views
Gonna start practicing 'Girls Never Die' choreography! | EN | SIGNAL 240304,tripleS official,37K views
How ToMatoz enjoy their free time in Songridan Street! | EN | SIGNAL 240305,tripleS official,39K views
The 'peaceful' day of BinSooOnDa room! | EN | SIGNAL 240307,tripleS official,55K views
Ding-dong! Daily self-cams from Denver are arrived!｜EN｜ SIGNAL 240308,tripleS official,30K views
EVOLution Authentic in Australia Behind Film [ EN JP CN ],tripleS official,36K views
The happiest Kotone's birthday became even happier with WAV | EN | SIGNAL 240311,tripleS official,19K views
Gonna have a 'Girls Never Die' MV session today~! | EN | SIGNAL 240312,tripleS official,35K views
Record and share your day with Rekord! | EN | SIGNAL 240314,tripleS official,44K views
How we prepared Authentic in Seoul! : ATOM office CAM collection｜EN CN｜SIGNAL 240316,tripleS official,80K views
Sending a SIGNAL to the DaHyun of 2025 | EN | SIGNAL 240318,tripleS official,18K views
How much do breads and cakes mean to these girls? | EN | SIGNAL 240320,tripleS official,31K views
Gonna start filming jacket photos for ASSEMBLE24! | EN | SIGNAL 240321,tripleS official,28K views
"Are you JooBin, the maknae of tripleS? | EN | SIGNAL 240322",tripleS official,29K views
We were 'already' one and also twenty-four | EN | SIGNAL 240324,tripleS official,128K views
"As ShiOn's voice is so angelic, here's ShiOn ASMR for WAV! | EN | SIGNAL 240325",tripleS official,33K views
WAV~ Wanna go see cherry blossoms with tripleS? | EN | SIGNAL 240326,tripleS official,43K views
tripleS NXT is here with Cherry Blossoms🌸 | EN | SIGNAL 240328,tripleS official,41K views
Pre-date for the perfect date of Quarantinez | EN | SIGNAL 240329,tripleS official,29K views
Sneak peek into the run-through rehearsal of 'Authentic in Seoul' | EN | SIGNAL 240330,tripleS official,79K views
tripleS 트리플에스 : KimChaeWon.SSS,tripleS official,127K views
tripleS 트리플에스 : Sullin.SSS,tripleS official,134K views
Gonna film 'Girls Never Die' MV | EN | SIGNAL 240402,tripleS official,37K views
tripleS 트리플에스 : SeoAh.SSS,tripleS official,139K views
Knock knock! Here's self-cam delivery for you WAV! | EN | SIGNAL 240403,tripleS official,37K views
tripleS 트리플에스 : JiYeon.SSS,tripleS official,88K views
"The complete tripleS, ASSEMBLE! | EN | SIGNAL 240404",tripleS official,385K views
Our names that will be heard with the sound of WAVes | EN | SIGNAL 240404,tripleS official,51K views
MaYooYeon Shine Brighter than Cherry Blossoms🌸 | EN | SIGNAL 240405,tripleS official,40K views
Teasers of tripleS Glow are Glowing beautifully | EN JP | SIGNAL 240406,tripleS official,70K views
Behind story of SeoAh and JiYeon's stage names! | EN | SIGNAL 240408,tripleS official,47K views
ChaeWon of 07z moved to Han River HAUS(?) | EN CN | SIGNAL 240409,tripleS official,71K views
Welcome S22 Sullin With JiWoo & JooBin! | EN CN | SIgnAL 240410,tripleS official,59K views
Seongsu-dong becomes SeoAh HAUS from today | EN | SIGNAL 240412,tripleS official,56K views
"Welcome JiYeon, the final S of tripleS! | EN | SIGNAL 240413",tripleS official,72K views
"April 12th, the happy birthday of HyeRin and Lynn (feat. WAV) | EN | SIGNAL 240415",tripleS official,27K views
Happiness of Nien & Xinyu is also happiness of WAV | EN | SIGNAL 240417,tripleS official,50K views
"""I sent my soul to Dubai in advance"" - tripleS went to Dubai after three fails | EN | SIGNAL 240418",tripleS official,33K views
Prof.HyeRin + three cute mischief-makers = 07z | EN | SIGNAL 240419,tripleS official,52K views
Healing self-cam videos of tripleS with spring breeze! | EN | SIGNAL 240420,tripleS official,41K views
"tripleS going to homeland of Thai Princess, Sullin! | EN | SIGNAL 240424",tripleS official,41K views
Episodes in Dubai (feat. Camels and the desert) | EN | SIGNAL 240425,tripleS official,48K views
Smart Girl: Board Game War! Who will be the final winner? | EN | SIGNAL 240426,tripleS official,50K views
Our favorite Bookmarks are WAV! | EN | SIGNAL 240429,tripleS official,21K views
"Met you in China, WAV! See you again~ | EN | SIGNAL 240501",tripleS official,27K views
ChaeWon's GLOW-ing birthday! | EN | SIGNAL 240502,tripleS official,33K views
tripleS Glow's profiles with full of personalities! | EN | SIGNAL 240504,tripleS official,37K views
How to enjoy Thailand with Thai Princess Sullin | EN | SIGNAL 240506,tripleS official,105K views
A day before Divine Season begins! Here's Divine beauty of 24 members | EN | SIGNAL 240507,tripleS official,38K views
"All 24 members, ASSEMBLE! | EN | SIGNAL 240508",tripleS official,47K views
Let's watch 'Girls Never Die' MV together with tripleS! | EN | tripleS ASSEMBLE24,tripleS official,257K views
The shining dream of 24 tripleS girls has just begun! | EN | SIGNAL 240510,tripleS official,60K views
Mayu Receives Birthday Wishes From 23 Members! | EN | SIGNAL 240513,tripleS official,30K views
"WAV, please show your sense of art by Toploader Decoration! | EN | SIGNAL 240513",tripleS official,24K views
"tripleS, WAV, THE SHOW, and our first win | EN | SIGNAL 240515",tripleS official,95K views
tripleS Badge War Complete Edition! Let's wait for it together | EN | SIGNAL 240520,tripleS official,86K views
tripleS and WAV dream together! Girls Never Die comments reading session! | EN | SIGNAL 240522,tripleS official,33K views
Girls Never Die ASMR with no laugh Challenge! Girls Never Smile…? | EN | SIGNAL 240525,tripleS official,56K views
tripleS going to the Waterbomb in Hong Kong! | EN JP | SIGNAL 240531,tripleS official,40K views
"Surprise birthday party for Xinyu, the goddess of beauty | EN | SIGNAL 240601",tripleS official,72K views
Nien's birthday in Hong Kong WATERBOMB! | EN | SIGNAL 240611,tripleS official,38K views
The return of SIGNAL news with 24 reporters! | EN | SIGNAL 240612,tripleS official,88K views
"In the middle of hot summer, tripleS will burn even hotter! | EN | SIGNAL 240613",tripleS official,82K views
Three Dubai beginners and one Two-bai's Waterbomb stage log | EN JP | SIGNAL 240614,tripleS official,47K views
Behind the scenes of tripleS in university festivals! | EN JP |  SIGNAL 240615,tripleS official,53K views
Revealing the Secret Rule of Visionary Vision! | EN JP |,tripleS official,40K views
Who is the member decided by Leader HyeRin? | EN | SIGNAL 240616,tripleS official,49K views
The glowing birthday of our sunshine SeoAh🌼 | EN | SIGNAL 240617,tripleS official,33K views
"The KRE+ chemistry of SeoYeon, ChaeYeon and DaHyun! | EN JP | SIGNAL 240619",tripleS official,42K views
Ulsan HD FC Never Lose with tripleS! ⚽️🤜 | EN JP | SIGNAL 240622,tripleS official,122K views
The final behind of Badge War Season 2 is here! | EN JP CN｜SIGNAL 240628,tripleS official,87K views
Can't take my eyes off our 24 cute members... The magic of Everland! | EN | SIGNAL 240629,tripleS official,281K views
The day cute 07z took their ID card photos!  | EN JP | SIGNAL 240701,tripleS official,50K views
"The best couple Quarantinez, our forever bestiez! | EN | SIGNAL 240703",tripleS official,32K views
The reason why NaKyoung and YuBin are the best couple | EN | SIGNAL 240704,tripleS official,28K views
The reason why events with Lotte Giants turned into a Busan tour | EN | SIGNAL 240709,tripleS official,50K views
"Welcome to the HAUS, Lucky the puppy! | EN | SIGNAL 240712",tripleS official,60K views
JooManSa: People Who JooBin Met ep1. Baby MC JooBin and veteran guest SeoYeon | EN | SIGNAL 240713,tripleS official,59K views
Let's go to Japan in 2x2 formation! | EN | SIGNAL 240715,tripleS official,45K views
"Mermaid, Otter & Professor Park | EN | SIGNAL 240716",tripleS official,67K views
Revealing MODHAUS Pick for tripleS Japan Dimension | EN | SIGNAL 240718,tripleS official,55K views
The friendship blossoms while making pottery together | EN | SIGNAL 240719,tripleS official,50K views
theory: SeoYeon & ChaeYeon are so beautiful ⬅️ FACT | EN | SIGNAL 240720,tripleS official,46K views
tripleS shining beautifully in S2O Taiwan! | EN | SIGNAL 240722,tripleS official,35K views
"SeoAh met her ideal heroine, SoHyun unnie | EN | SIGNAL 240723",tripleS official,105K views
YeonJi creates her path!💙 Self-made vacation Vlog in Busan!📷 | EN | SIGNAL 240724,tripleS official,34K views
The summer of 2024 will be remembered with tripleS | EN | SIGNAL 240725,tripleS official,82K views
"'Cupid's Arrow' with Pink Tofu, Lovey, and Dr.Cockroach | SIGNAL 240726",tripleS official,47K views
Kotone & Nien submitting the ideas for member-planned SIGNAL | EN | SIGNAL 240729,tripleS official,36K views
"Skating on ice is a challenge, even for a trio with long legs!⛸️ | EN | SIGNAL 240731",tripleS official,61K views
JooManSa: People Who JooBin Met ep2. Goddess Xinyu said 'Beauty is Everything…' | EN | SIGNAL 240801,tripleS official,49K views
HaYeon fall in love with HaYeon on her birthday | EN | SIGNAL 240802,tripleS official,28K views
The strongest Samsung Lions! Gonna win the game with tripleS! | EN | SIGNAL 240805,tripleS official,58K views
JooManSa: People Who JooBin Met ep3. Behind story of tripleS by manager HaeSol! | EN | SIGNAL 240806,tripleS official,64K views
Lucky HamHam! SeoYeon's cute birthday with WAV! | EN | SIGNAL 240807,tripleS official,25K views
tripleS Glow perfectly finished their first music show as a unit 🥹 | EN | SIGNAL 240808,tripleS official,40K views
Gonna unbox the gift box from BIBI unnie🎁 | EN | SIGNAL 240809,tripleS official,35K views
Last week! tripleS in the airport for the surprise Japan schedule | EN | SIGNAL 240812,tripleS official,31K views
Let's Start Again...! The first pitch event with Lotte Giants ⚾️ | EN | SIGNAL 240814,tripleS official,38K views
tripleS enjoying the summer in Ulsan | EN | SIGNAL 240816,tripleS official,26K views
Let's start cooking with KaKoMaLynn🍳| EN JP | SIGNAL 240819,tripleS official,60K views
"COSMO user manual with Kaede, Kotone, Mayu, Lynn | KR EN | SIGNAL 240821",tripleS official,41K views
The first Japan schedule vlog filmed by HaYeon! | EN | SIGNAL 240826,tripleS official,42K views
Thank you to all WAV who participated in Japan Dimension Gravity | EN | SIGNAL 240828,tripleS official,27K views
WAV! How do you like Divine 2nd Edition Objekts? | EN JP | SIGNAL 240830,tripleS official,43K views
JooManSa: People Who JooBin Met ep4. YeonJi sharing (endless) episodes for WAV! | EN | SIGNAL 240831,tripleS official,49K views
Visited WATERBOMB Tokyo while enjoying Japan trip | EN JP | SIGNAL 240902,tripleS official,54K views
v-v-vlog from Kotone-chan! :V | EN | SIGNAL 240904,tripleS official,71K views
The special menu which YooYeon and Mayu prepared for Sullin! | EN | SIGNAL 240905,tripleS official,66K views
tripleS as beautiful as the nightscape of Hong Kong | EN | SIGNAL 240906,tripleS official,27K views
A gift from SeoAh during her vacation! 📷 | EN | SIGNAL 240911,tripleS official,59K views
Gonna Go All The Way! tripleS in 2024 NEWSIS K-EXPO | EN | SIGNAL 240912,tripleS official,26K views
The hope created together by tripleS and WAV's heartS! | EN | SIGNAL 240914,tripleS official,19K views
Professor ShiOn's photo decorating class! Gonna reveal all the secrets | EN | SIGNAL 240924,tripleS official,21K views
"Behind the scenes of 3rd Objekt filming, the finale of Divine01 | EN | SIGNAL 240928",tripleS official,35K views
JooManSa: People Who JooBin Met ep5. The chemistry with Lynn-credible cuteness | EN | SIGNAL 240930,tripleS official,34K views
Come and join us on our COSMO~ | EN | SIGNAL 241002,tripleS official,23K views
"Hi there, I'm a strawberry cake made by ChaeWon🍓🎂 | EN | SIGNAL 241004",tripleS official,56K views
SoomSoom's birthday with WAV🎂 | EN | SIGNAL 241005,tripleS official,19K views
Let's replay the energetic Kookmin University festival with tripleS! | EN | SIGNAL 241007,tripleS official,24K views
"SooMin, Sullin, and the fish🐠 | EN | SIGNAL 241008",tripleS official,30K views
"JiWoo, a new student at Dongguk University, is S3 of tripleS! | EN | SIGNAL 241011",tripleS official,32K views
A timid cat appeared at Sungshin Women's University | EN | SIGNAL 241012,tripleS official,36K views
Happy NaKyoung & SoHyun DAY together with WAV ☘️ | EN | SIGNAL 241014,tripleS official,35K views
The eight fairies descended onto K-Link Festival | EN | SIGNAL 241018,tripleS official,27K views
The untold story about losing a battle against a bicycle.mov | EN JP | SIGNAL 241019,tripleS official,32K views
☃️ : ChaeYeon unnie~ Your friends over there~ | EN | SIGNAL 241021,tripleS official,30K views
‘Hit the Floor’ MV hits my heart so hard | EN | Visionary Vision.SSS,tripleS official,72K views
VV has taken a great first step with the first broadcast stage! | EN | SIGNAL 241024,tripleS official,28K views
The 'Performante' showcase filled with performante performances ✨ | EN | SIGNAL 241025,tripleS official,26K views
"Divine01, revealing the Behinds of short-haired VV's first Objekt! | EN | Visionary Vision.SSS",tripleS official,27K views
VV set a new legendary standard of beauty at sihyunhada! | EN | Visionary Vision.SSS,tripleS official,27K views
Gonna start the Ever Season of tripleS! | EN JP | SIGNAL 241110,tripleS official,57K views
We Light Up The Stage! VV's moment of winning the 1st place! ✨ | EN | SIGNAL 241111,tripleS official,35K views
A shining piece of autumn in Jeju Island with SeoYeon🍊| EN | SIGNAL 241115,tripleS official,58K views
The enjoyable time spent with Hankuk University of Foreign Studies 🙌 | EN | SIGNAL 241118,tripleS official,19K views
How Best Entertainer YuBin enjoys healing with JiWoo | EN | SIGNAL 241122,tripleS official,35K views
tripleS ∞! is going to Japan to see J-WAV✈️ | EN JP | SIGNAL 241125,tripleS official,29K views
Sullin's first birthday with WAV🎂 | EN | SIGNAL 241202,tripleS official,20K views
Beautiful Hanlimz appeared at the school! Precious vlog in the art festival✨ | EN | SIGNAL 241203,tripleS official,66K views
How ChaeYeon spends her birthday with the weather celebrating as well | EN | SIGNAL 241205,tripleS official,19K views
Behind-the-scenes of how tripleS prepared the first MMA stage | EN | SIGNAL 241209,tripleS official,47K views
The rockstar girls appeared at the MMA🎸 | EN | SIGNAL 241211,tripleS official,55K views
Breaking News✨ UFC Champion Alex Pereira shot arrows in SIGNAL🏹 | EN | SIGNAL 241212,tripleS official,128K views
JooManSa: People Who JooBin Met ep6. You Still In Doubt even after watching it? | EN | SIGNAL 241216,tripleS official,42K views
Everyday is Christmas with HamHam🎄| EN | SIGNAL 241217,tripleS official,26K views
The magical beauty of tripleS on Christmas🎄 | EN | SIGNAL 241219,tripleS official,60K views
"It's a birthday of our Baby Otter, Kaede! 🦦 | EN | SIGNAL 241220",tripleS official,18K views
Beauty's living tips! The memory diary of beautiful Hanlimz | EN | SIGNAL 241223,tripleS official,121K views
Who will receive the random lucky gift in tripleS-mas?🎄ep.1 | EN | SIGNAL 241224,tripleS official,64K views
A Christmas Gift that can never be predicted!🎄ep.2 | EN | SIGNAL 241225,tripleS official,56K views
Who will be the nominees for the 2024 tripleS Awards with magnified scale? 🏆 | EN JP | SIGNAL 250105,tripleS official,132K views
"Shhh! Exclusive spoiler of tripleS Come True, just for you🤫 | EN | SIGNAL 250106",tripleS official,35K views
"Welcome to our first WAV generation, WAV 1st! | EN | SIGNAL 250108",tripleS official,28K views
Happy SodaDay🎂 | EN | SIGNAL 250109,tripleS official,16K views
Kwak-Kwak-KwakYeonJi's B-B-Birthday Cafe Tour🦆🎂 | EN | SIGNAL 250110,tripleS official,22K views
"Let's meet again in 2025, WAV🩵 feat. 2024 KBS Song Festival | EN | SIGNAL 250111",tripleS official,55K views
The behind-the-scenes of the STRAWBERRY MUSIC FESTIVAL with great fun - ep1️⃣ - | EN | SIGNAL 250113,tripleS official,34K views
"JiWoo and ChaeYeon, the chaotic date of ex-Mintroomz | EN | SIGNAL 250115",tripleS official,32K views
JooManSa special birthday ep. with WAV🌊 | EN | SIGNAL 250116,tripleS official,15K views
The behinds of the STRAWBERRY MUSIC FESTIVAL sweeter than strawberries - ep2️⃣- | EN | SIGNAL 250117,tripleS official,29K views
JooManSa: People Who JooBin Met ep7. The legendary guest who made JooBin faint | EN | SIGNAL 250118,tripleS official,29K views
tripleS ASSEMBLE25 is coming | EN | SIGNAL 250120,tripleS official,50K views
The great adventure of Haetkongz making bungeoppang 〈')333〉〈 | EN | SIGNAL 250115,tripleS official,33K views
Gonna invite the winnerS of the 2024 tripleS Awards | EN | SIGNAL 250122,tripleS official,55K views
Please choose the title track of OT24 tripleS in 2025 | EN | SIGNAL 250123,tripleS official,90K views
Exciting departure for tripleS Come True tour! | EN | SIGNAL 250131,tripleS official,25K views
The Grand Gravity is over! A compilation of tripleS's reactions.zip | EN | SIGNAL 250203,tripleS official,31K views
Princess Yubam wishing every day were her birthday🎂 | EN | SIGNAL 250204,tripleS official,21K views
"WAV, get in the car! Let's go for a drive with SeoYeon & JiYeon~🚘💨 | EN | SIGNAL 250206",tripleS official,61K views
Self-cam from the first overseas Objekt Trading Cafe has arrived🎁 | EN | SIGNAL 250208,tripleS official,24K views
The birth of new units✨ Grapefruit Sharbet & Cheongdam-dong Ladies | EN | SIGNAL 250210,tripleS official,32K views
The day our rabbit YooYeon descended into the world💖 | EN | SIGNAL 250212,tripleS official,28K views
JiYeon's nervous & excited first visit to her birthday cafe!🎂 | EN JP | SIGNAL 250214,tripleS official,24K views
Gonna start recording ASSEMBLE25 today! | EN | SIGNAL 250217,tripleS official,34K views
Hanlimz Forever ∵ =☆*🎓 | EN | SIGNAL 250220,tripleS official,38K views
Behind the scenes of the leveled-up Ever01 2nd Objekt photoshoot!📸 | EN | SIGNAL 250222,tripleS official,34K views
HyeRin's behind-the-scenes of Ever01 2nd FCO shooting has arrived! 💌 | EN | SIGNAL 250223,tripleS official,11K views
HaYeon vlog: conquering three theme parks in Abu Dhabi over two days🎢 | EN | SIGNAL 250224,tripleS official,33K views
"tripleS profiles, Wanna Write Again?📝✨ | EN JP | SIGNAL 250301",tripleS official,31K views
A double date of a long-term love couple🫶 and a freshman couple🌱 | EN | SIGNAL 250303,tripleS official,36K views
A healing double date with double sweetness in veins💖 | EN | SIGNAL 250305,tripleS official,25K views
A sheep ranch experience with overflowing friendsheep🐑 | EN | SIGNAL 250307,tripleS official,34K views
WAV~ Shall we Spin with HaYeon & ShiOn?✋ | EN | SIGNAL 250308,tripleS official,18K views
"With Global Rising Star Award, we're bound to be a World Star someday😎 | EN | SIGNAL 250310",tripleS official,30K views
"United States, Canada, and JooMan:t | EN JP | SIGNAL 250312",tripleS official,31K views
Tone's birthday marks the beginning of spring🎂 | EN CN | SIGNAL 250314,tripleS official,16K views
Sookmyung Women's University Entrance Ceremony with sparkling waves of light | EN | SIGNAL 250315,tripleS official,23K views
tripleS supports the new students of Gumi University💕 | EN | SIGNAL 250317,tripleS official,18K views
"Konyang University freshmen who want to be friends with Lynn, come here! | EN CN | SIGNAL 250319",tripleS official,19K views
WAV & Milk tea in Shanghai! Please wait a little more for us~ | EN JP CN | SIGNAL 250321,tripleS official,15K views
DaHyun from a year ago to DaHyun from one year later💌 | EN JP CN | SIGNAL 250322,tripleS official,13K views
Ever01 3rd Edition Objekts showing off sporty outfits✨ | EN JP CN | SIGNAL 250324,tripleS official,29K views
"WAV who are curious about the ASSEMBLE25 title track MV, come here~!🙌 | EN | SIGNAL 250325",tripleS official,21K views
Daily SIGNAL after withdrawing from the subway station | EN JP CN | SIGNAL 250327,tripleS official,21K views
tripleS came back with triple crownS👑 | EN CN | SIGNAL 250328,tripleS official,31K views
Painter Jeong drew 24 members for an April Fool's Day Objekt🎨 | EN JP CN | SIGNAL 250401,tripleS official,22K views
"Happy 20th birthday to our 20th member, ShiOn🥐 | EN JP CN | SIGNAL 250403",tripleS official,11K views
Shine Brighter🌟 The angels of a beauty care day appeared! | EN CN | SIGNAL 250404,tripleS official,23K views
The last records from the US tour! ComeTruez self-cam collections.zip | EN | SIGNAL 250407,tripleS official,21K views
This SIGNAL was definitely planned to be a date on the Han River | EN | SIGNAL 250409,tripleS official,35K views
MaYooYeon's chemistry deeper than the flavor of the latte is ☕💗 | EN JP | SIGNAL 250411,tripleS official,26K views
How HyeRin can make the most of her last teenage birthday | EN | SIGNAL 250414,tripleS official,12K views
Baby shark Lynn's sparkling birthday story🦈✨ | EN JP | SIGNAL 250415,tripleS official,12K views
Fluffy Fluffy 🎀 Two couples' gallery outing | EN | SIGNAL 250417,tripleS official,23K views
"Seems like spring has come, hand in hand with tripleS💘🌸 | EN JP CN | SIGNAL 250421",tripleS official,24K views
"Went for a photoshoot📸, ended up doing a mukbang🍜💕 | EN JP | SIGNAL 250423",tripleS official,18K views
Sweeter than Waffles: A double date of two different couples! | EN JP | SIGNAL 250424,tripleS official,16K views
"WAV, wanna walk after school together?💛🌼 | EN JP | SIGNAL 250425",tripleS official,24K views
Things That Happened During Atom01 Season! 🤭 | EN | SIGNAL 250428,tripleS official,27K views
24 Princesses in Black Soul Dress👑 | EN JP | SIGNAL 250429,tripleS official,27K views
The Graceful Princesses Are Back with Atom02 1st Objekts!🧚| EN | SIGNAL 250430,tripleS official,16K views
